t,real_x_values,real_y_value
0,0.0,0
60,3.076923076923077;8.496503496503497;13.951048951048952;19.405594405594407;24.912587412587413;30.314685314685317,5
120,3.039772727272727;8.295454545454545;13.607954545454545;19.176136363636363;24.517045454545453;29.829545454545453;35.36931818181818;40.76704545454545;46.19318181818181;514.5170454545455,10
180,13.461538461538462;18.615384615384617;23.730769230769234;28.961538461538463;34.23076923076923;39.46153846153847;44.65384615384616;511.46153846153845;55.15384615384613;60.4230769230769,15
240,24.05;29.3;34.55;40.05;45.099999999999994;50.49999999999999;60.89999999999999;61.19999999999999;66.64999999999999;71.64999999999999,20
300,33.90243902439024;39.695121951219505;45.12195121951219;50.67073170731707;55.60975609756097;61.28048780487804;66.46341463414633;71.95121951219511;77.43902439024389;82.07317073170731,25
360,45.07142857142857;49.92857142857142;54.92857142857142;60.64285714285714;65.85714285714285;70.92857142857142;76.28571428571428;81.49999999999999;86.57142857142856;91.2142857142857,30
420,58.01724137931035;63.5344827586207;68.96551724137932;74.48275862068967;79.82758620689657;85.25862068965519;90.94827586206898;96.3793103448276;102.0689655172414;107.67241379310346,35
480,64.81481481481481;69.9074074074074;75.64814814814815;81.20370370370371;86.57407407407408;91.75925925925927;96.94444444444446;102.22222222222223;107.87037037037038;112.40740740740742,40
540,72.9;77.5;82.6;87.89999999999999;93.8;98.5;104.0;109.1;115.0;119.3,45
